is_holiday,is_payday_window,n,surge_rate,mean_mult
0,0,2670483,0.18360536277519834,0.056036243349985755
0,1,891019,0.21577542117508156,0.07297242034120485
1,0,57062,0.1334338088395079,0.039181736532193055
1,1,84842,0.1728978571933712,0.06328109014403244
