pickup_area,trips,avg_mult,surge_rate
neighborhood_52,9,0.1841111111111111,0.2222222222222222
neighborhood_40,13,0.0756923076923077,0.1538461538461538
neighborhood_53,6,0.0716666666666666,0.3333333333333333
neighborhood_0,44,0.0394545454545454,0.0909090909090909
neighborhood_25,49,0.021734693877551,0.0612244897959183
neighborhood_39,7,0.0,0.0
