,rain_flag,precip_mm,temp_c,humidity,wind_kph
rain_flag,1.0,0.42115303713295105,0.003333220901098188,0.16814635850176177,-0.03399903537903219
precip_mm,0.42115303713295105,1.0,-0.0713453927763158,0.17317981211212527,-0.02784896244013943
temp_c,0.003333220901098188,-0.0713453927763158,1.0,-0.9023243854685566,0.5945893561386564
humidity,0.16814635850176177,0.17317981211212527,-0.9023243854685566,1.0,-0.6147475703325969
wind_kph,-0.03399903537903219,-0.02784896244013943,0.5945893561386564,-0.6147475703325969,1.0
